city	latitude	longitude
Acampo	38.166668	-121.266670
Adelanto	34.566666	-117.416664
Agoura	34.133331	-118.733330
Agoura Hills	34.150002	-118.750000
Agua Dulce	34.483334	-118.316666
Aguanga	33.433334	-116.849998
Alameda	37.750000	-122.266670
Alamo	37.849998	-122.016670
Albany	37.883331	-122.283333
Alhambra	34.066666	-118.133331
Aliso Viejo	33.566666	-117.716667
Alpine	32.833332	-116.766670
Alta	39.200001	-120.800003
Altadena	34.183334	-118.133331
Alturas	41.483334	-120.533333
Alum Rock	37.366669	-121.816666
Alviso	37.416668	-121.966667
Amboy	34.549999	-115.733330
American Canyon	38.166668	-122.250000
Anaheim	33.833332	-117.883331
Anderson	40.433334	-122.283333
Andrade	32.716667	-114.716667
Angwin	38.566666	-122.433334
Antioch	38.000000	-121.800003
Apple Valley	34.516666	-117.216667
Arbuckle	39.016666	-122.050003
Arcadia	34.116669	-118.033333
Arcata	40.849998	-124.066666
Arleta	34.233334	-118.416664
Arnold	39.516666	-123.383331
Aromas	36.883331	-121.633331
Arroyo Grande	35.116669	-120.583336
Artesia	33.866669	-118.066666
Arvin	35.200001	-118.816666
Atascadero	35.483334	-120.666664
Atherton	37.450001	-122.199997
Atlanta	37.799999	-121.116669
Atwater	37.333332	-120.599998
Atwood	33.849998	-117.816666
Auburn	38.883331	-121.066666
Avalon	33.333332	-118.316666
Avenal	36.000000	-120.116669
Azusa	34.116669	-117.900002
Bakersfield	35.366669	-119.016670
Balboa Peninsula	33.583332	-117.900002
Baldwin Park	34.066666	-117.966667
Banning	33.916668	-116.883331
Barstow	34.883331	-117.016670
Bartlett Springs	39.183334	-122.699997
Bassett	34.033333	-117.983330
Bay Point	38.016666	-121.949997
Beale Air Force Base	39.133331	-121.433334
Beaumont	33.916668	-116.966667
Bell	33.966667	-118.183334
Bell Gardens	33.966667	-118.150002
Bellflower	33.883331	-118.116669
Belmont	37.516666	-122.283333
Benicia	38.049999	-122.150002
Berkeley	37.866669	-122.266670
Bethel Island	38.000000	-121.633331
Beverly Hills	34.066666	-118.383331
Big Bear Lake	34.233334	-116.900002
Biola	36.799999	-120.000000
Birds Landing	38.116669	-121.866669
Bishop	37.349998	-118.383331
Bloomington	34.049999	-117.383331
Blue Canyon	39.250000	-120.699997
Blue Lake	40.866669	-123.983330
Blythe	33.599998	-114.583336
Bodega Bay	38.316666	-123.033333
Bonsall	33.266666	-117.183334
Boron	34.983334	-117.633331
Borrego Springs	33.233334	-116.366669
Boulder Creek	37.116669	-122.116669
Box Springs	33.933334	-117.283333
Boyle Heights	34.033333	-118.199997
Bradbury	34.133331	-117.966667
Brawley	32.966667	-115.516670
Brea	33.916668	-117.883331
Brentwood	37.916668	-121.683334
Bridgeport	38.250000	-119.216667
Brisbane	37.666668	-122.416664
Buellton	34.599998	-120.183334
Buena Park	33.849998	-118.000000
Burbank	34.166668	-118.300003
Burlingame	37.583332	-122.349998
Burney	40.866669	-121.666664
Buttonwillow	35.400002	-119.466667
Byron	37.866669	-121.633331
Cabazon	33.900002	-116.750000
Cadiz	34.516666	-115.500000
Calabasas	34.133331	-118.650002
Calexico	32.666668	-115.483330
California City	35.116669	-117.983330
Calimesa	33.983334	-117.033333
Calipatria	33.116669	-115.500000
Calistoga	38.566666	-122.566666
Camarillo	34.233334	-119.033333
Cameron Park	38.666668	-120.983330
Camino	38.733334	-120.666664
Campbell	37.283333	-121.949997
Campo	32.599998	-116.466667
Camptonville	39.450001	-121.033333
Canoga Park	34.200001	-118.583336
Cantua Creek	36.500000	-120.300003
Canyon	37.816666	-122.183334
Canyon Country	34.416668	-118.466667
Capistrano Beach	33.450001	-117.666664
Capitola	36.966667	-121.949997
Cardiff–by–the–Sea	33.016666	-117.266670
Carlsbad	33.116669	-117.283333
Carmel Valley Village	36.483334	-121.716667
Carmel–by–the–Sea	36.549999	-121.916664
Carmichael	38.633331	-121.316666
Carnelian Bay	39.216667	-120.066666
Carpinteria	34.383331	-119.500000
Carson	33.833332	-118.250000
Caruthers	36.533333	-119.833336
Castaic	34.466667	-118.616669
Castro Valley	37.683334	-122.083336
Castroville	36.750000	-121.750000
Cathedral City	33.799999	-116.449997
Cedar Glen	34.250000	-117.150002
Century City	34.049999	-118.416664
Ceres	37.599998	-120.949997
Cerritos	33.866669	-118.066666
Charter Oak	34.099998	-117.849998
Chatsworth	34.250000	-118.599998
Cherry Valley	33.966667	-116.966667
Chester	40.299999	-121.233330
Chico	39.733334	-121.833336
Chinese Camp	37.866669	-120.416664
Chino	34.016666	-117.683334
Chino Hills	33.966667	-117.716667
Chowchilla	37.116669	-120.266670
Chualar	36.566666	-121.516670
Chula Vista	32.616669	-117.033333
Citrus Heights	38.700001	-121.283333
Claremont	34.099998	-117.716667
Clayton	37.933334	-121.933334
Clearlake	38.950001	-122.616669
Clearlake Oaks	39.016666	-122.666664
Clements	38.183334	-121.083336
Cloverdale	38.783333	-123.016670
Clovis	36.816666	-119.699997
Coachella	33.666668	-116.166664
Coalinga	36.133331	-120.349998
Coarsegold	37.250000	-119.699997
Coleville	38.549999	-119.500000
Colfax	39.083332	-120.949997
Colma	37.666668	-122.449997
Colton	34.049999	-117.316666
Columbia	38.033333	-120.400002
Colusa	39.200001	-122.000000
Commerce	34.000000	-118.150002
Compton	33.883331	-118.216667
Concord	37.966667	-122.016670
Cool	38.883331	-121.000000
Corcoran	36.083332	-119.550003
Corning	39.916668	-122.166664
Corona	33.866669	-117.550003
Corona del Mar	33.583332	-117.866669
Coronado	32.666668	-117.166664
Corte Madera	37.916668	-122.516670
Costa Mesa	33.633331	-117.916664
Cotati	38.316666	-122.699997
Coto de Caza	33.583332	-117.583336
Cottonwood	40.383331	-122.266670
Courtland	38.316666	-121.566666
Covina	34.083332	-117.883331
Crescent City	41.750000	-124.199997
Creston	35.516666	-120.516670
Crockett	38.049999	-122.199997
Crows Landing	37.383331	-121.083336
Cudahy	33.950001	-118.166664
Culver City	34.000000	-118.400002
Cupertino	37.316666	-122.033333
Cutler	36.516666	-119.283333
Cypress	33.816666	-118.033333
Daggett	34.849998	-116.883331
Daly City	37.683334	-122.466667
Dana Point	33.466667	-117.683334
Danville	37.816666	-122.000000
Davenport	37.016666	-122.183334
Davis	38.549999	-121.733330
Del Mar	32.950001	-117.250000
Del Rey	36.650002	-119.583336
Del Rey Oaks	36.583332	-121.833336
Delano	35.766666	-119.233330
Denair	37.516666	-120.783333
Desert Hot Springs	33.950001	-116.500000
Diamond Bar	34.000000	-117.816666
Diamond Springs	38.683334	-120.800003
Dinuba	36.533333	-119.383331
Discovery Bay	37.900002	-121.599998
Dixon	38.433334	-121.816666
Dominguez Hills	33.849998	-118.233330
Downey	33.933334	-118.116669
Doyle	40.016666	-120.099998
Duarte	34.133331	-117.949997
Dublin	37.700001	-121.933334
Ducor	35.883331	-119.033333
Dulzura	32.633331	-116.766670
Dunnigan	38.883331	-121.966667
Eagle Rock	34.116669	-118.199997
Earp	34.150002	-114.300003
East Los Angeles	34.033333	-118.166664
East Palo Alto	37.466667	-122.133331
Eastvale	33.950001	-117.550003
Edison	35.333332	-118.866669
Edwards	34.916668	-117.933334
El Cajon	32.783333	-116.949997
El Centro	32.783333	-115.550003
El Cerrito	37.900002	-122.300003
El Dorado	38.666668	-120.833336
El Dorado Hills	38.683334	-121.066666
El Modena	33.783333	-117.800003
El Monte	34.066666	-118.016670
El Segundo	33.916668	-118.400002
El Sereno	34.066666	-118.166664
El Sobrante	37.966667	-122.283333
Elk	39.116669	-123.716667
Elk Grove	38.433334	-121.366669
Embarcadero	37.783333	-122.383331
Emeryville	37.816666	-122.283333
Encinitas	33.033333	-117.266670
Encino	34.150002	-118.500000
Escalon	37.783333	-120.983330
Escondido	33.116669	-117.066666
Esparto	38.683334	-122.016670
Estero Bay	35.383331	-120.900002
Etna	41.450001	-122.883331
Eureka	40.799999	-124.150002
Exeter	36.283333	-119.133331
Fair Oaks	38.650002	-121.250000
Fairfax	37.983334	-122.583336
Fairfield	38.250000	-122.050003
Fallbrook	33.366669	-117.233330
Fallon	38.266666	-122.900002
Farmersville	36.283333	-119.199997
Farmington	37.916668	-120.983330
Felton	37.049999	-122.050003
Ferndale	40.566666	-124.250000
Fillmore	34.400002	-118.916664
Firebaugh	36.849998	-120.449997
Florence	33.966667	-118.233330
Folsom	38.666668	-121.150002
Fontana	34.083332	-117.433334
Foothill Farms	38.666668	-121.333336
Foothill Ranch	33.683334	-117.650002
Fort Bragg	39.433334	-123.800003
Fort Hunter Liggett	35.950001	-121.216667
Fort Irwin National Training Center	35.233334	-116.666664
Fort Jones	41.599998	-122.833336
Fortuna	40.583332	-124.150002
Foster City	37.549999	-122.250000
Fountain Valley	33.700001	-117.949997
Fowler	36.633331	-119.683334
Freedom	36.933334	-121.783333
Freestone	38.366669	-122.900002
Fremont	37.533333	-121.983330
French Camp	37.883331	-121.266670
Fresno	36.750000	-119.766670
Friant	36.983334	-119.699997
Fullerton	33.866669	-117.916664
Fulton	38.483334	-122.766670
Galt	38.250000	-121.300003
Garberville	40.099998	-123.783333
Garden Grove	33.766666	-117.949997
Gardena	33.883331	-118.300003
Georgetown	38.900002	-120.833336
Geyserville	38.700001	-122.900002
Gilroy	37.000000	-121.566666
Glendale	34.166668	-118.250000
Glendora	34.133331	-117.849998
Glenn	39.516666	-122.000000
Gold River	38.616669	-121.233330
Goleta	34.433334	-119.800003
Gonzales	36.500000	-121.433334
Goshen	36.333332	-119.416664
Granada Hills	34.266666	-118.500000
Grand Terrace	34.016666	-117.316666
Granite Bay	38.750000	-121.150002
Grass Valley	39.216667	-121.050003
Graton	38.433334	-122.849998
Greenbrae	37.933334	-122.516670
Greenfield	36.316666	-121.233330
Greenville	40.133331	-120.949997
Greenwood	38.883331	-120.900002
Gridley	39.349998	-121.683334
Grover Beach	35.116669	-120.616669
Guadalupe	34.950001	-120.566666
Guerneville	38.500000	-122.983330
Gustine	37.250000	-120.983330
Hacienda Heights	34.000000	-117.966667
Half Moon Bay	37.450001	-122.433334
Hamilton City	39.733334	-122.000000
Hanford	36.316666	-119.633331
Happy Camp	41.783333	-123.383331
Harbor City	33.783333	-118.283333
Hawaiian Gardens	33.816666	-118.066666
Hawthorne	33.916668	-118.333336
Hayward	37.666668	-122.066666
Healdsburg	38.616669	-122.849998
Heber	32.716667	-115.516670
Helm	36.516666	-120.083336
Hemet	33.733334	-116.966667
Hercules	38.016666	-122.283333
Herlong	40.133331	-120.133331
Hermosa Beach	33.849998	-118.383331
Hesperia	34.400002	-117.300003
Hickman	37.616669	-120.750000
Highgrove	34.000000	-117.316666
Highland	34.116669	-117.199997
Highland Park	34.099998	-118.183334
Hillsborough	37.549999	-122.349998
Hilmar	37.400002	-120.849998
Hinkley	34.933334	-117.199997
Hollister	36.833332	-121.383331
Hollywood	34.099998	-118.333336
Holt	37.933334	-121.416664
Hood	38.366669	-121.516670
Hopland	38.966667	-123.099998
Hughson	37.599998	-120.866669
Huntington Beach	33.650002	-117.983330
Huntington Park	33.966667	-118.216667
Huron	36.200001	-120.099998
Hydesville	40.533333	-124.083336
Imperial	32.833332	-115.566666
Imperial Beach	32.566666	-117.116669
Indianola	40.799999	-124.066666
Indio	33.716667	-116.216667
Industry	34.016666	-117.949997
Inglewood	33.950001	-118.333336
Inverness	38.099998	-122.849998
Inyokern	35.633331	-117.800003
Ione	38.349998	-120.916664
Irvine	33.683334	-117.783333
Irwindale	34.099998	-117.949997
Isleton	38.150002	-121.599998
Ivanhoe	36.383331	-119.216667
Jackson	38.333332	-120.766670
Jamestown	37.950001	-120.400002
Jamul	32.716667	-116.866669
Jenner	38.433334	-123.099998
Jolon	35.966667	-121.166664
Junction City	40.733334	-123.050003
Jurupa Valley	33.983334	-117.466667
Kelseyville	38.966667	-122.833336
Kerman	36.716667	-120.050003
Kettleman City	36.000000	-119.949997
Keyes	37.549999	-120.916664
King City	36.200001	-121.116669
Kings Beach	39.233334	-120.016670
Kingsburg	36.500000	-119.550003
Kneeland	40.750000	-123.983330
Knights Landing	38.783333	-121.716667
La Cañada Flintridge	34.200001	-118.199997
La Crescenta–Montrose	34.216667	-118.233330
La Habra	33.916668	-117.933334
La Jolla	32.833332	-117.266670
La Mesa	32.766666	-117.016670
La Mirada	33.900002	-118.000000
La Palma	33.833332	-118.033333
La Porte	39.666668	-120.983330
La Puente	34.016666	-117.949997
La Quinta	33.666668	-116.283333
La Selva Beach	36.933334	-121.849998
La Verne	34.099998	-117.766670
Ladera Ranch	33.533333	-117.633331
Lafayette	37.883331	-122.116669
Laguna Beach	33.533333	-117.766670
Laguna Hills	33.583332	-117.683334
Laguna Niguel	33.516666	-117.699997
Laguna Woods	33.599998	-117.716667
Lake Almanor	40.250000	-121.150002
Lake Arrowhead	34.250000	-117.183334
Lake Elsinore	33.666668	-117.333336
Lake Forest	33.633331	-117.683334
Lakehead	40.866669	-122.383331
Lakeport	39.033333	-122.900002
Lakeside	32.833332	-116.900002
Lakeview	33.816666	-117.116669
Lakewood	33.833332	-118.116669
Lamont	35.250000	-118.900002
Lancaster	34.683334	-118.150002
Larkspur	37.933334	-122.533333
Lathrop	37.816666	-121.283333
Laton	36.433334	-119.683334
Latrobe	38.549999	-120.983330
Lawndale	33.883331	-118.349998
Lebec	34.833332	-118.849998
Lemon Grove	32.733334	-117.016670
Lemoore	36.299999	-119.766670
Lennox	33.933334	-118.349998
Lewiston	40.683334	-122.800003
Lincoln	38.883331	-121.283333
Linden	38.016666	-121.083336
Lindsay	36.200001	-119.083336
Little Lake	35.933334	-117.900002
Littlerock	34.516666	-117.983330
Live Oak	39.266666	-121.650002
Livermore	37.666668	-121.766670
Livingston	37.383331	-120.716667
Llano	34.483334	-117.783333
Lockeford	38.150002	-121.150002
Lodi	38.133331	-121.266670
Loma Linda	34.033333	-117.250000
Lomita	33.783333	-118.300003
Lompoc	34.633331	-120.449997
Long Beach	33.766666	-118.183334
Loomis	38.799999	-121.183334
Los Alamitos	33.799999	-118.050003
Los Alamos	34.733334	-120.266670
Los Altos	37.366669	-122.083336
Los Altos Hills	37.366669	-122.133331
Los Angeles	34.049999	-118.233330
Los Banos	37.049999	-120.849998
Los Gatos	37.233334	-121.949997
Los Molinos	40.016666	-122.083336
Los Olivos	34.666668	-120.099998
Lost Hills	35.599998	-119.683334
Lucerne Valley	34.433334	-116.966667
Lynwood	33.916668	-118.199997
Macdoel	41.816666	-122.000000
Madera	36.950001	-120.050003
Magalia	39.833332	-121.583336
Malibu	34.016666	-118.766670
Mammoth	41.716667	-121.349998
Mammoth Lakes	37.633331	-118.966667
Manhattan Beach	33.883331	-118.400002
Manteca	37.799999	-121.216667
Mar Vista	34.000000	-118.416664
March Joint Air Reserve Base	33.866669	-117.250000
Maricopa	35.049999	-119.400002
Marina	36.683334	-121.800003
Marina Del Rey	33.966667	-118.449997
Marine Corps Base Camp Pendleton	33.333332	-117.416664
Mariposa	37.483334	-119.949997
Marshall	38.150002	-122.883331
Martinez	38.016666	-122.133331
Marysville	39.133331	-121.583336
Mather	37.866669	-119.849998
Maxwell	39.266666	-122.183334
Maywood	33.983334	-118.183334
McClellan Air Force Base	38.666668	-121.400002
McFarland	35.666668	-119.216667
McKinleyville	40.933334	-124.099998
Mecca	33.566666	-116.066666
Mendocino	39.299999	-123.783333
Mendota	36.750000	-120.366669
Menifee	33.666668	-117.166664
Menlo Park	37.450001	-122.166664
Mentone	34.049999	-117.116669
Merced	37.299999	-120.483330
Middletown	38.750000	-122.599998
Midway City	33.733334	-117.983330
Mill Valley	37.900002	-122.533333
Millbrae	37.599998	-122.400002
Milpitas	37.433334	-121.883331
Mira Loma	33.983334	-117.500000
Mira Mesa	32.900002	-117.133331
Miranda	40.233334	-123.816666
Mission Hills	34.683334	-120.433334
Mission Viejo	33.599998	-117.650002
Modesto	37.650002	-120.983330
Moffett Federal Airfield	37.400002	-122.033333
Mojave	35.049999	-118.166664
Monrovia	34.133331	-118.000000
Montague	41.716667	-122.516670
Montara	37.533333	-122.500000
Montclair	34.066666	-117.683334
Montebello	34.000000	-118.099998
Montecito	34.433334	-119.616669
Monterey	36.599998	-121.900002
Monterey Park	34.033333	-118.133331
Moorpark	34.266666	-118.866669
Moraga	37.833332	-122.116669
Moreno Valley	33.933334	-117.216667
Morgan Hill	37.116669	-121.650002
Morro Bay	35.366669	-120.849998
Moss Beach	37.516666	-122.500000
Moss Landing	36.799999	-121.783333
Mount Hermon	37.049999	-122.050003
Mount Shasta	41.299999	-122.300003
Mount Wilson Observatory	34.216667	-118.050003
Mountain Pass	35.466667	-115.533333
Mountain View	37.383331	-122.066666
Murphys	38.133331	-120.466667
Murrieta	33.566666	-117.199997
Napa	38.283333	-122.283333
National City	32.666668	-117.083336
Needles	34.833332	-114.599998
Nelson	39.549999	-121.750000
Nevada City	39.250000	-121.016670
New Cuyama	34.933334	-119.683334
Newark	37.533333	-122.033333
Newberry Springs	34.816666	-116.683334
Newbury Park	34.183334	-118.900002
Newcastle	38.866669	-121.133331
Newhall	34.383331	-118.516670
Newman	37.299999	-121.016670
Newport	39.583332	-123.766670
Newport Beach	33.616669	-117.883331
Nice	39.116669	-122.833336
Nipomo	35.016666	-120.483330
Nipton	35.466667	-115.266670
Norco	33.916668	-117.550003
Norden	39.316666	-120.349998
North Highlands	38.666668	-121.366669
North Hills	34.233334	-118.466667
North Hollywood	34.166668	-118.366669
Northridge	34.216667	-118.533333
Norwalk	33.900002	-118.083336
Novato	38.099998	-122.566666
Nuevo	33.799999	-117.116669
Oak View	34.383331	-119.300003
Oakdale	37.766666	-120.849998
Oakhurst	37.316666	-119.633331
Oakland	37.799999	-122.266670
Oakley	37.983334	-121.699997
Oakville	38.433334	-122.400002
Ocean Beach	32.750000	-117.250000
Oceanside	33.200001	-117.316666
Oildale	35.416668	-119.016670
Ojai	34.433334	-119.233330
Olancha	36.266666	-118.000000
Oleum	38.033333	-122.250000
Olive	33.833332	-117.833336
Olivehurst	39.083332	-121.550003
Ontario	34.049999	-117.616669
Orange	33.783333	-117.849998
Orange Cove	36.616669	-119.300003
Orangevale	38.666668	-121.199997
Ordbend	39.616669	-122.000000
Orland	39.733334	-122.183334
Oro Grande	34.583332	-117.333336
Orosi	36.533333	-119.283333
Oroville	39.516666	-121.550003
Otay Mesa	32.549999	-116.933334
Oxnard	34.183334	-119.166664
Pacheco	37.983334	-122.066666
Pacific Grove	36.616669	-121.916664
Pacific Palisades	34.033333	-118.516670
Pacifica	37.616669	-122.483330
Pacoima	34.250000	-118.416664
Pajaro	36.900002	-121.733330
Pala	33.349998	-117.066666
Palm Desert	33.716667	-116.366669
Palm Springs	33.816666	-116.516670
Palmdale	34.566666	-118.099998
Palo Alto	37.416668	-122.133331
Palos Verdes Estates	33.783333	-118.383331
Panorama City	34.216667	-118.433334
Paramount	33.900002	-118.166664
Parlier	36.599998	-119.516670
Pasadena	34.150002	-118.116669
Paso Robles	35.616669	-120.683334
Patterson	37.466667	-121.116669
Pauma Valley	33.299999	-116.966667
Pebble Beach	36.566666	-121.933334
Perris	33.783333	-117.216667
Pescadero	37.250000	-122.366669
Petaluma	38.233334	-122.616669
Petrolia	40.316666	-124.283333
Phelan	34.416668	-117.516670
Philo	39.049999	-123.433334
Pico Rivera	33.983334	-118.083336
Piedmont	37.816666	-122.216667
Piercy	39.950001	-123.783333
Pine Grove	38.400002	-120.650002
Pine Valley	32.816666	-116.516670
Pinecrest	38.183334	-119.983330
Pinedale	36.833332	-119.783333
Pinole	38.000000	-122.283333
Pioneer	38.416668	-120.566666
Piru	34.400002	-118.783333
Pittsburg	38.016666	-121.883331
Pixley	35.966667	-119.283333
Placentia	33.866669	-117.849998
Placerville	38.716667	-120.783333
Playa Vista	33.966667	-118.416664
Playa del Rey	33.933334	-118.433334
Pleasant Grove	38.816666	-121.483330
Pleasant Hill	37.933334	-122.050003
Pleasanton	37.650002	-121.866669
Plymouth	38.466667	-120.833336
Point Arena	38.900002	-123.683334
Pomona	34.049999	-117.750000
Port Costa	38.033333	-122.183334
Port Hueneme	34.150002	-119.183334
Porterville	36.066666	-119.016670
Portola Valley	37.366669	-122.216667
Potter Valley	39.316666	-123.099998
Poway	32.966667	-117.033333
Proberta	40.066666	-122.166664
Prunedale	36.766666	-121.666664
Quartz Hill	34.650002	-118.216667
Quincy	39.933334	-120.933334
Ramona	33.033333	-116.866669
Rancho Bernardo	33.016666	-117.066666
Rancho Cordova	38.583332	-121.300003
Rancho Cucamonga	34.116669	-117.566666
Rancho Mirage	33.766666	-116.416664
Rancho Murieta	38.500000	-121.083336
Rancho Palos Verdes	33.750000	-118.349998
Rancho Park	34.033333	-118.449997
Rancho Santa Fe	33.016666	-117.199997
Rancho Santa Margarita	33.633331	-117.583336
Raymond	37.200001	-119.900002
Red Bluff	40.166668	-122.233330
Redding	40.566666	-122.366669
Redlands	34.049999	-117.166664
Redondo Beach	33.833332	-118.383331
Redwood City	37.466667	-122.233330
Reedley	36.583332	-119.449997
Rescue	38.700001	-120.949997
Reseda	34.200001	-118.533333
Rialto	34.099998	-117.366669
Richgrove	35.783333	-119.099998
Richmond	37.933334	-122.333336
Richvale	39.483334	-121.733330
Ridgecrest	35.616669	-117.666664
Rio Linda	38.683334	-121.449997
Rio Oso	38.950001	-121.516670
Rio Vista	38.150002	-121.683334
Ripon	37.733334	-121.116669
Riverbank	37.716667	-120.933334
Riverdale	36.416668	-119.849998
Riverside	33.933334	-117.383331
Robbins	38.866669	-121.699997
Rocklin	38.799999	-121.233330
Rodeo	38.016666	-122.266670
Rohnert Park	38.333332	-122.683334
Rolling Hills Estates	33.766666	-118.349998
Romoland	33.733334	-117.166664
Rosamond	34.849998	-118.150002
Rosemead	34.066666	-118.083336
Roseville	38.750000	-121.283333
Ross	37.950001	-122.550003
Rossmoor	33.783333	-118.066666
Rowland Heights	33.966667	-117.883331
Rubidoux	33.983334	-117.416664
Rutherford	38.450001	-122.416664
Ryde	38.233334	-121.550003
Sacramento	38.549999	-121.466667
Salida	37.700001	-121.083336
Salinas	36.666668	-121.650002
Salton City	33.283333	-115.949997
Samoa	40.816666	-124.183334
San Andreas	38.183334	-120.666664
San Anselmo	37.966667	-122.550003
San Bernardino	34.099998	-117.300003
San Bruno	37.616669	-122.416664
San Carlos	37.483334	-122.250000
San Clemente	33.416668	-117.599998
San Clemente Island	32.900002	-118.500000
San Diego	32.700001	-117.150002
San Dimas	34.099998	-117.800003
San Fernando	34.283333	-118.433334
San Francisco	37.766666	-122.416664
San Gabriel	34.083332	-118.083336
San Jacinto	33.783333	-116.966667
San Joaquin	36.599998	-120.183334
San Jose	37.333332	-121.883331
San Juan Bautista	36.833332	-121.533333
San Juan Capistrano	33.483334	-117.650002
San Leandro	37.716667	-122.150002
San Lorenzo	37.666668	-122.116669
San Luis Obispo	35.266666	-120.650002
San Marcos	33.133331	-117.166664
San Marino	34.116669	-118.099998
San Martin	37.083332	-121.599998
San Mateo	37.549999	-122.300003
San Miguel	35.750000	-120.683334
San Nicolas Island	33.250000	-119.500000
San Pablo	37.950001	-122.333336
San Pedro	33.733334	-118.283333
San Rafael	37.966667	-122.516670
San Ramon	37.766666	-121.966667
San Ysidro	32.549999	-117.033333
Sand City	36.616669	-121.833336
Sanger	36.700001	-119.550003
Santa Ana	33.733334	-117.866669
Santa Barbara	34.416668	-119.699997
Santa Catalina Island	33.383331	-118.400002
Santa Clara	37.349998	-121.966667
Santa Clarita	34.416668	-118.500000
Santa Cruz	36.966667	-122.016670
Santa Fe Springs	33.933334	-118.083336
Santa Margarita	35.383331	-120.599998
Santa Maria	34.950001	-120.433334
Santa Monica	34.016666	-118.466667
Santa Paula	34.349998	-119.066666
Santa Rosa	38.433334	-122.699997
Santa Rosa Island	33.950001	-120.099998
Santa Ynez	34.599998	-120.083336
Santa Ysabel	33.099998	-116.666664
Santee	32.866669	-116.966667
Saratoga	37.266666	-122.016670
Saugus	34.400002	-118.533333
Sausalito	37.849998	-122.483330
Scotia	40.466667	-124.099998
Scotts Valley	37.049999	-122.000000
Seal Beach	33.750000	-118.066666
Searles	35.483334	-117.633331
Seaside	36.599998	-121.833336
Sebastopol	38.383331	-122.816666
Seeley	32.783333	-115.683334
Selby	38.049999	-122.233330
Selma	36.566666	-119.599998
Shafter	35.500000	-119.266670
Shandon	35.650002	-120.366669
Sherman Oaks	34.150002	-118.433334
Shingle Springs	38.650002	-120.916664
Sierra Madre	34.150002	-118.050003
Signal Hill	33.783333	-118.150002
Silicon Valley	37.366669	-122.033333
Simi Valley	34.266666	-118.766670
Solana Beach	32.983334	-117.250000
Soledad	36.416668	-121.316666
Solvang	34.583332	-120.133331
Somis	34.250000	-118.983330
Sonoma	38.283333	-122.449997
Sonora	37.983334	-120.366669
Soquel	36.983334	-121.933334
South El Monte	34.033333	-118.033333
South Gate	33.933334	-118.183334
South Lake Tahoe	38.933334	-119.966667
South Pasadena	34.099998	-118.150002
South San Francisco	37.650002	-122.416664
Spring Valley	32.733334	-116.966667
Springville	36.116669	-118.816666
Squaw Valley	39.183334	-120.233330
St. Helena	38.500000	-122.466667
Stanford	37.416668	-122.150002
Stanton	33.799999	-117.983330
Stockton	37.966667	-121.300003
Strathmore	36.133331	-119.050003
Studio City	34.133331	-118.383331
Suisun City	38.233334	-122.016670
Sultana	36.533333	-119.333336
Summerland	34.416668	-119.583336
Sun City	33.700001	-117.183334
Sun Valley	34.216667	-118.366669
Sunland–Tujunga	34.250000	-118.283333
Sunnyvale	37.366669	-122.033333
Sunol	37.583332	-121.883331
Sunset Beach	33.716667	-118.066666
Susanville	40.400002	-120.650002
Sutter	39.150002	-121.733330
Sutter Creek	38.383331	-120.800003
Sylmar	34.299999	-118.433334
Taft	35.133331	-119.449997
Tahoe City	39.166668	-120.133331
Tarzana	34.166668	-118.550003
Tecate	32.566666	-116.616669
Tehachapi	35.116669	-118.433334
Temecula	33.500000	-117.116669
Temple City	34.099998	-118.050003
Templeton	35.549999	-120.699997
Terminal Island	33.750000	-118.233330
Thermal	33.616669	-116.116669
Thornton	38.216667	-121.416664
Thousand Oaks	34.183334	-118.866669
Thousand Palms	33.816666	-116.383331
Tiburon	37.866669	-122.449997
Tipton	36.049999	-119.300003
Toluca Lake	34.133331	-118.349998
Topanga	34.099998	-118.599998
Torrance	33.833332	-118.333336
Tracy	37.733334	-121.416664
Traver	36.450001	-119.483330
Travis Air Force Base	38.250000	-121.916664
Treasure Island	37.816666	-122.366669
Truckee	39.333332	-120.199997
Tulare	36.200001	-119.333336
Tulelake	41.950001	-121.466667
Tuolumne City	37.950001	-120.233330
Turlock	37.500000	-120.833336
Tustin	33.733334	-117.800003
Twentynine Palms	34.133331	-116.066666
Ukiah	39.150002	-123.199997
Union City	37.583332	-122.033333
Universal City	34.133331	-118.349998
Upland	34.083332	-117.633331
Vacaville	38.349998	-121.966667
Valencia	34.383331	-118.550003
Vallejo	38.099998	-122.233330
Valley Center	33.233334	-117.000000
Valley Springs	38.183334	-120.816666
Van Nuys	34.183334	-118.433334
Venice	33.983334	-118.449997
Ventura	34.266666	-119.216667
Vernalis	37.616669	-121.283333
Vernon	34.000000	-118.199997
Victorville	34.533333	-117.283333
Vidal	34.116669	-114.500000
Villa Park	33.799999	-117.800003
Visalia	36.316666	-119.300003
Vista	33.183334	-117.233330
Volta	37.083332	-120.916664
Wallace	38.183334	-120.966667
Walnut	34.033333	-117.866669
Walnut Creek	37.900002	-122.050003
Walnut Grove	38.233334	-121.500000
Warm Springs	33.700001	-117.316666
Warner Springs	33.299999	-116.616669
Wasco	35.583332	-119.333336
Washington	39.349998	-120.783333
Waterford	37.633331	-120.766670
Watsonville	36.916668	-121.750000
Watts	33.933334	-118.233330
Weed	41.416668	-122.383331
Weldon	35.650002	-118.283333
West Covina	34.066666	-117.933334
West Hills	34.200001	-118.633331
West Hollywood	34.083332	-118.366669
West Los Angeles	34.033333	-118.433334
West Sacramento	38.566666	-121.516670
West Whittier–Los Nietos	33.966667	-118.066666
Westchester	33.950001	-118.383331
Westlake Village	34.133331	-118.800003
Westley	37.533333	-121.199997
Westminster	33.750000	-117.983330
Westport	39.633331	-123.766670
Westwood Village	34.049999	-118.416664
Whittier	33.950001	-118.016670
Wildomar	33.599998	-117.250000
Williams	39.150002	-122.133331
Willits	39.400002	-123.349998
Willowbrook	33.916668	-118.250000
Willows	39.516666	-122.183334
Wilmington	33.766666	-118.250000
Wilton	38.400002	-121.216667
Winchester	33.700001	-117.083336
Windsor	38.533333	-122.800003
Winterhaven	32.733334	-114.633331
Winters	38.516666	-121.966667
Winton	37.383331	-120.599998
Woodlake	36.400002	-119.083336
Woodland	38.666668	-121.766670
Woodland Hills	34.150002	-118.599998
Woodside	37.416668	-122.250000
Wrightwood	34.349998	-117.616669
Yolo	38.716667	-121.800003
Yorba Linda	33.883331	-117.800003
Yosemite National Park	37.733334	-119.583336
Yountville	38.400002	-122.349998
Yreka	41.716667	-122.633331
Yuba City	39.133331	-121.616669
Yucaipa	34.016666	-117.033333
Yucca Valley	34.133331	-116.416664
